timestamp,dataset,method,purity,status,elapsed_sec,elapsed_min,ave_acc,std_acc,runs,epochs,model,log_file,error
2026-05-18T03:40:19.284372,cora,degree,0.7,success,6.5,0.11,0.8727,0.0091,20,60,GCN,logs_v2/cora_degree_p0.700.log,
2026-05-18T03:40:25.956358,cora,degree,0.8,success,6.7,0.11,0.8685,0.0082,20,60,GCN,logs_v2/cora_degree_p0.800.log,
2026-05-18T03:40:32.177875,cora,degree,0.9,success,6.2,0.10,0.8626,0.0091,20,60,GCN,logs_v2/cora_degree_p0.900.log,
2026-05-18T03:40:38.048994,cora,degree,0.95,success,5.9,0.10,0.8655,0.0077,20,60,GCN,logs_v2/cora_degree_p0.950.log,
2026-05-18T03:40:44.220557,cora,degree,0.975,success,6.2,0.10,0.8647,0.0075,20,60,GCN,logs_v2/cora_degree_p0.975.log,
2026-05-18T03:40:50.091505,cora,degree,1.0,success,5.9,0.10,0.8632,0.0073,20,60,GCN,logs_v2/cora_degree_p1.000.log,
2026-05-18T03:40:56.713383,cora,degree_centrality,0.7,success,6.6,0.11,0.8762,0.0100,20,60,GCN,logs_v2/cora_degree_centrality_p0.700.log,
2026-05-18T03:41:03.436334,cora,degree_centrality,0.8,success,6.7,0.11,0.8635,0.0087,20,60,GCN,logs_v2/cora_degree_centrality_p0.800.log,
2026-05-18T03:41:09.607747,cora,degree_centrality,0.9,success,6.2,0.10,0.8650,0.0081,20,60,GCN,logs_v2/cora_degree_centrality_p0.900.log,
2026-05-18T03:41:15.479479,cora,degree_centrality,0.95,success,5.9,0.10,0.8658,0.0070,20,60,GCN,logs_v2/cora_degree_centrality_p0.950.log,
2026-05-18T03:41:21.600771,cora,degree_centrality,0.975,success,6.1,0.10,0.8639,0.0076,20,60,GCN,logs_v2/cora_degree_centrality_p0.975.log,
2026-05-18T03:41:27.521830,cora,degree_centrality,1.0,success,5.9,0.10,0.8668,0.0080,20,60,GCN,logs_v2/cora_degree_centrality_p1.000.log,
2026-05-18T03:41:36.796739,cora,closeness,0.7,success,9.3,0.15,0.8652,0.0082,20,60,GCN,logs_v2/cora_closeness_p0.700.log,
2026-05-18T03:41:46.071600,cora,closeness,0.8,success,9.3,0.15,0.8676,0.0104,20,60,GCN,logs_v2/cora_closeness_p0.800.log,
2026-05-18T03:41:54.795862,cora,closeness,0.9,success,8.7,0.15,0.8761,0.0097,20,60,GCN,logs_v2/cora_closeness_p0.900.log,
2026-05-18T03:42:03.419997,cora,closeness,0.95,success,8.6,0.14,0.8736,0.0068,20,60,GCN,logs_v2/cora_closeness_p0.950.log,
2026-05-18T03:42:12.194384,cora,closeness,0.975,success,8.8,0.15,0.8773,0.0070,20,60,GCN,logs_v2/cora_closeness_p0.975.log,
2026-05-18T03:42:20.818817,cora,closeness,1.0,success,8.6,0.14,0.8750,0.0080,20,60,GCN,logs_v2/cora_closeness_p1.000.log,
2026-05-18T03:42:39.404965,cora,betweenness,0.7,success,18.6,0.31,0.8692,0.0091,20,60,GCN,logs_v2/cora_betweenness_p0.700.log,
2026-05-18T03:42:57.941236,cora,betweenness,0.8,success,18.5,0.31,0.8634,0.0101,20,60,GCN,logs_v2/cora_betweenness_p0.800.log,
2026-05-18T03:43:16.527356,cora,betweenness,0.9,success,18.6,0.31,0.8637,0.0073,20,60,GCN,logs_v2/cora_betweenness_p0.900.log,
2026-05-18T03:43:35.163402,cora,betweenness,0.95,success,18.6,0.31,0.8685,0.0083,20,60,GCN,logs_v2/cora_betweenness_p0.950.log,
2026-05-18T03:43:53.749461,cora,betweenness,0.975,success,18.6,0.31,0.8646,0.0069,20,60,GCN,logs_v2/cora_betweenness_p0.975.log,
2026-05-18T03:44:12.285295,cora,betweenness,1.0,success,18.5,0.31,0.8672,0.0068,20,60,GCN,logs_v2/cora_betweenness_p1.000.log,
2026-05-18T03:44:18.907133,cora,pagerank,0.7,success,6.6,0.11,0.8764,0.0066,20,60,GCN,logs_v2/cora_pagerank_p0.700.log,
2026-05-18T03:44:25.629172,cora,pagerank,0.8,success,6.7,0.11,0.8597,0.0079,20,60,GCN,logs_v2/cora_pagerank_p0.800.log,
2026-05-18T03:44:31.800519,cora,pagerank,0.9,success,6.2,0.10,0.8559,0.0063,20,60,GCN,logs_v2/cora_pagerank_p0.900.log,
2026-05-18T03:44:37.771510,cora,pagerank,0.95,success,6.0,0.10,0.8574,0.0081,20,60,GCN,logs_v2/cora_pagerank_p0.950.log,
2026-05-18T03:44:43.992902,cora,pagerank,0.975,success,6.2,0.10,0.8624,0.0095,20,60,GCN,logs_v2/cora_pagerank_p0.975.log,
2026-05-18T03:44:49.863889,cora,pagerank,1.0,success,5.9,0.10,0.8614,0.0113,20,60,GCN,logs_v2/cora_pagerank_p1.000.log,
2026-05-18T03:44:56.535817,cora,eigenvector,0.7,success,6.7,0.11,0.8715,0.0062,20,60,GCN,logs_v2/cora_eigenvector_p0.700.log,
2026-05-18T03:45:03.207824,cora,eigenvector,0.8,success,6.7,0.11,0.8613,0.0096,20,60,GCN,logs_v2/cora_eigenvector_p0.800.log,
2026-05-18T03:45:09.879750,cora,eigenvector,0.9,success,6.7,0.11,0.8665,0.0100,20,60,GCN,logs_v2/cora_eigenvector_p0.900.log,
2026-05-18T03:45:16.551707,cora,eigenvector,0.95,success,6.7,0.11,0.8704,0.0072,20,60,GCN,logs_v2/cora_eigenvector_p0.950.log,
2026-05-18T03:45:23.223750,cora,eigenvector,0.975,success,6.7,0.11,0.8666,0.0092,20,60,GCN,logs_v2/cora_eigenvector_p0.975.log,
2026-05-18T03:45:29.945642,cora,eigenvector,1.0,success,6.7,0.11,0.8687,0.0084,20,60,GCN,logs_v2/cora_eigenvector_p1.000.log,
2026-05-18T03:45:36.016913,citeseer,degree,0.7,success,6.1,0.10,0.7640,0.0089,20,60,GCN,logs_v2/citeseer_degree_p0.700.log,
2026-05-18T03:45:41.938121,citeseer,degree,0.8,success,5.9,0.10,0.7619,0.0089,20,60,GCN,logs_v2/citeseer_degree_p0.800.log,
2026-05-18T03:45:47.558886,citeseer,degree,0.9,success,5.6,0.09,0.7634,0.0092,20,60,GCN,logs_v2/citeseer_degree_p0.900.log,
2026-05-18T03:45:53.530036,citeseer,degree,0.95,success,6.0,0.10,0.7611,0.0088,20,60,GCN,logs_v2/citeseer_degree_p0.950.log,
2026-05-18T03:45:59.401056,citeseer,degree,0.975,success,5.9,0.10,0.7631,0.0077,20,60,GCN,logs_v2/citeseer_degree_p0.975.log,
2026-05-18T03:46:04.971759,citeseer,degree,1.0,success,5.6,0.09,0.7643,0.0072,20,60,GCN,logs_v2/citeseer_degree_p1.000.log,
2026-05-18T03:46:11.443503,citeseer,degree_centrality,0.7,success,6.5,0.11,0.7601,0.0083,20,60,GCN,logs_v2/citeseer_degree_centrality_p0.700.log,
2026-05-18T03:46:17.064250,citeseer,degree_centrality,0.8,success,5.6,0.09,0.7604,0.0089,20,60,GCN,logs_v2/citeseer_degree_centrality_p0.800.log,
2026-05-18T03:46:22.935274,citeseer,degree_centrality,0.9,success,5.9,0.10,0.7624,0.0090,20,60,GCN,logs_v2/citeseer_degree_centrality_p0.900.log,
2026-05-18T03:46:28.856384,citeseer,degree_centrality,0.95,success,5.9,0.10,0.7625,0.0088,20,60,GCN,logs_v2/citeseer_degree_centrality_p0.950.log,
2026-05-18T03:46:34.677388,citeseer,degree_centrality,0.975,success,5.8,0.10,0.7610,0.0079,20,60,GCN,logs_v2/citeseer_degree_centrality_p0.975.log,
2026-05-18T03:46:40.948815,citeseer,degree_centrality,1.0,success,6.3,0.10,0.7609,0.0101,20,60,GCN,logs_v2/citeseer_degree_centrality_p1.000.log,
2026-05-18T03:46:48.521837,citeseer,closeness,0.7,success,7.6,0.13,0.7503,0.0080,20,60,GCN,logs_v2/citeseer_closeness_p0.700.log,
2026-05-18T03:46:55.844573,citeseer,closeness,0.8,success,7.3,0.12,0.7502,0.0077,20,60,GCN,logs_v2/citeseer_closeness_p0.800.log,
2026-05-18T03:47:03.667899,citeseer,closeness,0.9,success,7.8,0.13,0.7448,0.0104,20,60,GCN,logs_v2/citeseer_closeness_p0.900.log,
2026-05-18T03:47:11.190887,citeseer,closeness,0.95,success,7.5,0.13,0.7481,0.0092,20,60,GCN,logs_v2/citeseer_closeness_p0.950.log,
2026-05-18T03:47:18.313358,citeseer,closeness,0.975,success,7.1,0.12,0.7470,0.0094,20,60,GCN,logs_v2/citeseer_closeness_p0.975.log,
2026-05-18T03:47:25.836277,citeseer,closeness,1.0,success,7.5,0.13,0.7504,0.0122,20,60,GCN,logs_v2/citeseer_closeness_p1.000.log,
2026-05-18T03:47:43.621742,citeseer,betweenness,0.7,success,17.8,0.30,0.7514,0.0092,20,60,GCN,logs_v2/citeseer_betweenness_p0.700.log,
2026-05-18T03:48:00.856515,citeseer,betweenness,0.8,success,17.2,0.29,0.7446,0.0106,20,60,GCN,logs_v2/citeseer_betweenness_p0.800.log,
2026-05-18T03:48:18.091285,citeseer,betweenness,0.9,success,17.2,0.29,0.7471,0.0101,20,60,GCN,logs_v2/citeseer_betweenness_p0.900.log,
2026-05-18T03:48:35.326082,citeseer,betweenness,0.95,success,17.2,0.29,0.7463,0.0093,20,60,GCN,logs_v2/citeseer_betweenness_p0.950.log,
2026-05-18T03:48:52.510801,citeseer,betweenness,0.975,success,17.2,0.29,0.7437,0.0092,20,60,GCN,logs_v2/citeseer_betweenness_p0.975.log,
2026-05-18T03:49:09.745407,citeseer,betweenness,1.0,success,17.2,0.29,0.7448,0.0117,20,60,GCN,logs_v2/citeseer_betweenness_p1.000.log,
2026-05-18T03:49:15.566415,citeseer,pagerank,0.7,success,5.8,0.10,0.7582,0.0101,20,60,GCN,logs_v2/citeseer_pagerank_p0.700.log,
2026-05-18T03:49:21.787865,citeseer,pagerank,0.8,success,6.2,0.10,0.7642,0.0084,20,60,GCN,logs_v2/citeseer_pagerank_p0.800.log,
2026-05-18T03:49:27.259154,citeseer,pagerank,0.9,success,5.5,0.09,0.7642,0.0082,20,60,GCN,logs_v2/citeseer_pagerank_p0.900.log,
2026-05-18T03:49:32.629639,citeseer,pagerank,0.95,success,5.4,0.09,0.7659,0.0094,20,60,GCN,logs_v2/citeseer_pagerank_p0.950.log,
2026-05-18T03:49:38.050156,citeseer,pagerank,0.975,success,5.4,0.09,0.7628,0.0070,20,60,GCN,logs_v2/citeseer_pagerank_p0.975.log,
2026-05-18T03:49:43.520712,citeseer,pagerank,1.0,success,5.5,0.09,0.7623,0.0116,20,60,GCN,logs_v2/citeseer_pagerank_p1.000.log,
2026-05-18T03:49:50.042576,citeseer,eigenvector,0.7,success,6.5,0.11,0.7513,0.0079,20,60,GCN,logs_v2/citeseer_eigenvector_p0.700.log,
2026-05-18T03:49:56.163987,citeseer,eigenvector,0.8,success,6.1,0.10,0.7483,0.0117,20,60,GCN,logs_v2/citeseer_eigenvector_p0.800.log,
2026-05-18T03:50:02.035177,citeseer,eigenvector,0.9,success,5.9,0.10,0.7474,0.0087,20,60,GCN,logs_v2/citeseer_eigenvector_p0.900.log,
2026-05-18T03:50:08.256653,citeseer,eigenvector,0.95,success,6.2,0.10,0.7477,0.0120,20,60,GCN,logs_v2/citeseer_eigenvector_p0.950.log,
2026-05-18T03:50:14.077670,citeseer,eigenvector,0.975,success,5.8,0.10,0.7498,0.0087,20,60,GCN,logs_v2/citeseer_eigenvector_p0.975.log,
2026-05-18T03:50:20.249121,citeseer,eigenvector,1.0,success,6.2,0.10,0.7457,0.0060,20,60,GCN,logs_v2/citeseer_eigenvector_p1.000.log,
2026-05-18T03:50:59.158724,pubmed,degree,0.7,success,38.9,0.65,0.8550,0.0020,20,60,GCN,logs_v2/pubmed_degree_p0.700.log,
2026-05-18T03:51:37.617637,pubmed,degree,0.8,success,38.5,0.64,0.8577,0.0019,20,60,GCN,logs_v2/pubmed_degree_p0.800.log,
2026-05-18T03:52:14.825173,pubmed,degree,0.9,success,37.2,0.62,0.8615,0.0031,20,60,GCN,logs_v2/pubmed_degree_p0.900.log,
2026-05-18T03:52:51.832121,pubmed,degree,0.95,success,37.0,0.62,0.8623,0.0020,20,60,GCN,logs_v2/pubmed_degree_p0.950.log,
2026-05-18T03:53:29.039345,pubmed,degree,0.975,success,37.2,0.62,0.8631,0.0022,20,60,GCN,logs_v2/pubmed_degree_p0.975.log,
2026-05-18T03:54:05.997457,pubmed,degree,1.0,success,37.0,0.62,0.8629,0.0025,20,60,GCN,logs_v2/pubmed_degree_p1.000.log,
2026-05-18T03:54:44.707029,pubmed,degree_centrality,0.7,success,38.7,0.65,0.8551,0.0017,20,60,GCN,logs_v2/pubmed_degree_centrality_p0.700.log,
2026-05-18T03:55:23.065534,pubmed,degree_centrality,0.8,success,38.4,0.64,0.8582,0.0017,20,60,GCN,logs_v2/pubmed_degree_centrality_p0.800.log,
2026-05-18T03:56:00.723325,pubmed,degree_centrality,0.9,success,37.7,0.63,0.8618,0.0022,20,60,GCN,logs_v2/pubmed_degree_centrality_p0.900.log,
2026-05-18T03:56:37.729888,pubmed,degree_centrality,0.95,success,37.0,0.62,0.8624,0.0023,20,60,GCN,logs_v2/pubmed_degree_centrality_p0.950.log,
2026-05-18T03:57:15.488151,pubmed,degree_centrality,0.975,success,37.8,0.63,0.8623,0.0020,20,60,GCN,logs_v2/pubmed_degree_centrality_p0.975.log,
2026-05-18T03:57:52.645361,pubmed,degree_centrality,1.0,success,37.2,0.62,0.8623,0.0020,20,60,GCN,logs_v2/pubmed_degree_centrality_p1.000.log,
2026-05-18T04:01:47.880258,pubmed,closeness,0.7,success,235.2,3.92,0.8555,0.0021,20,60,GCN,logs_v2/pubmed_closeness_p0.700.log,
2026-05-18T04:05:42.066990,pubmed,closeness,0.8,success,234.2,3.90,0.8576,0.0015,20,60,GCN,logs_v2/pubmed_closeness_p0.800.log,
2026-05-18T04:09:36.053219,pubmed,closeness,0.9,success,234.0,3.90,0.8617,0.0019,20,60,GCN,logs_v2/pubmed_closeness_p0.900.log,
2026-05-18T04:13:29.939573,pubmed,closeness,0.95,success,233.9,3.90,0.8631,0.0019,20,60,GCN,logs_v2/pubmed_closeness_p0.950.log,
2026-05-18T04:17:25.345104,pubmed,closeness,0.975,success,235.4,3.92,0.8618,0.0017,20,60,GCN,logs_v2/pubmed_closeness_p0.975.log,
2026-05-18T04:21:19.482101,pubmed,closeness,1.0,success,234.1,3.90,0.8623,0.0015,20,60,GCN,logs_v2/pubmed_closeness_p1.000.log,
2026-05-18T04:40:39.895380,pubmed,betweenness,0.7,success,1160.4,19.34,0.8543,0.0018,20,60,GCN,logs_v2/pubmed_betweenness_p0.700.log,
2026-05-18T05:00:02.859275,pubmed,betweenness,0.8,success,1163.0,19.38,0.8602,0.0020,20,60,GCN,logs_v2/pubmed_betweenness_p0.800.log,
2026-05-18T05:19:21.117672,pubmed,betweenness,0.9,success,1158.3,19.30,0.8649,0.0014,20,60,GCN,logs_v2/pubmed_betweenness_p0.900.log,
2026-05-18T05:38:43.679578,pubmed,betweenness,0.95,success,1162.6,19.38,0.8645,0.0022,20,60,GCN,logs_v2/pubmed_betweenness_p0.950.log,
2026-05-18T05:58:29.922311,pubmed,betweenness,0.975,success,1186.2,19.77,0.8645,0.0017,20,60,GCN,logs_v2/pubmed_betweenness_p0.975.log,
2026-05-18T06:17:50.223718,pubmed,betweenness,1.0,success,1160.3,19.34,0.8642,0.0027,20,60,GCN,logs_v2/pubmed_betweenness_p1.000.log,
2026-05-18T06:18:26.430323,pubmed,pagerank,0.7,success,36.2,0.60,0.8544,0.0018,20,60,GCN,logs_v2/pubmed_pagerank_p0.700.log,
2026-05-18T06:19:02.737030,pubmed,pagerank,0.8,success,36.3,0.61,0.8578,0.0021,20,60,GCN,logs_v2/pubmed_pagerank_p0.800.log,
2026-05-18T06:19:37.691887,pubmed,pagerank,0.9,success,35.0,0.58,0.8636,0.0021,20,60,GCN,logs_v2/pubmed_pagerank_p0.900.log,
2026-05-18T06:20:12.196528,pubmed,pagerank,0.95,success,34.5,0.58,0.8640,0.0020,20,60,GCN,logs_v2/pubmed_pagerank_p0.950.log,
2026-05-18T06:20:46.751175,pubmed,pagerank,0.975,success,34.6,0.58,0.8640,0.0015,20,60,GCN,logs_v2/pubmed_pagerank_p0.975.log,
2026-05-18T06:21:21.055473,pubmed,pagerank,1.0,success,34.3,0.57,0.8640,0.0020,20,60,GCN,logs_v2/pubmed_pagerank_p1.000.log,
2026-05-18T06:23:06.993205,pubmed,eigenvector,0.7,success,105.9,1.77,0.8547,0.0016,20,60,GCN,logs_v2/pubmed_eigenvector_p0.700.log,
2026-05-18T06:24:52.629488,pubmed,eigenvector,0.8,success,105.6,1.76,0.8573,0.0022,20,60,GCN,logs_v2/pubmed_eigenvector_p0.800.log,
2026-05-18T06:26:37.165543,pubmed,eigenvector,0.9,success,104.5,1.74,0.8580,0.0018,20,60,GCN,logs_v2/pubmed_eigenvector_p0.900.log,
2026-05-18T06:28:21.601203,pubmed,eigenvector,0.95,success,104.4,1.74,0.8576,0.0017,20,60,GCN,logs_v2/pubmed_eigenvector_p0.950.log,
2026-05-18T06:30:06.086566,pubmed,eigenvector,0.975,success,104.5,1.74,0.8573,0.0025,20,60,GCN,logs_v2/pubmed_eigenvector_p0.975.log,
2026-05-18T06:31:50.672147,pubmed,eigenvector,1.0,success,104.6,1.74,0.8581,0.0026,20,60,GCN,logs_v2/pubmed_eigenvector_p1.000.log,
2026-05-18T06:32:22.473476,cs,degree,0.7,success,31.8,0.53,0.9290,0.0017,20,60,GCN,logs_v2/cs_degree_p0.700.log,
2026-05-18T06:32:55.125981,cs,degree,0.8,success,32.7,0.54,0.9315,0.0013,20,60,GCN,logs_v2/cs_degree_p0.800.log,
2026-05-18T06:33:24.824978,cs,degree,0.9,success,29.7,0.49,0.9318,0.0014,20,60,GCN,logs_v2/cs_degree_p0.900.log,
2026-05-18T06:33:54.878260,cs,degree,0.95,success,30.1,0.50,0.9317,0.0012,20,60,GCN,logs_v2/cs_degree_p0.950.log,
2026-05-18T06:34:24.928490,cs,degree,0.975,success,30.0,0.50,0.9322,0.0014,20,60,GCN,logs_v2/cs_degree_p0.975.log,
2026-05-18T06:34:54.778465,cs,degree,1.0,success,29.8,0.50,0.9323,0.0013,20,60,GCN,logs_v2/cs_degree_p1.000.log,
2026-05-18T06:35:27.785804,cs,degree_centrality,0.7,success,33.0,0.55,0.9295,0.0019,20,60,GCN,logs_v2/cs_degree_centrality_p0.700.log,
2026-05-18T06:35:59.487972,cs,degree_centrality,0.8,success,31.7,0.53,0.9312,0.0016,20,60,GCN,logs_v2/cs_degree_centrality_p0.800.log,
2026-05-18T06:36:29.191234,cs,degree_centrality,0.9,success,29.7,0.50,0.9320,0.0015,20,60,GCN,logs_v2/cs_degree_centrality_p0.900.log,
2026-05-18T06:36:59.195336,cs,degree_centrality,0.95,success,30.0,0.50,0.9322,0.0015,20,60,GCN,logs_v2/cs_degree_centrality_p0.950.log,
2026-05-18T06:37:29.346589,cs,degree_centrality,0.975,success,30.2,0.50,0.9323,0.0018,20,60,GCN,logs_v2/cs_degree_centrality_p0.975.log,
2026-05-18T06:37:59.296644,cs,degree_centrality,1.0,success,29.9,0.50,0.9324,0.0013,20,60,GCN,logs_v2/cs_degree_centrality_p1.000.log,
2026-05-18T06:42:43.441454,cs,closeness,0.7,success,284.1,4.74,0.9310,0.0021,20,60,GCN,logs_v2/cs_closeness_p0.700.log,
2026-05-18T06:47:26.384537,cs,closeness,0.8,success,282.9,4.72,0.9310,0.0016,20,60,GCN,logs_v2/cs_closeness_p0.800.log,
2026-05-18T06:52:08.626769,cs,closeness,0.9,success,282.2,4.70,0.9318,0.0012,20,60,GCN,logs_v2/cs_closeness_p0.900.log,
2026-05-18T06:56:51.917343,cs,closeness,0.95,success,283.3,4.72,0.9320,0.0017,20,60,GCN,logs_v2/cs_closeness_p0.950.log,
2026-05-18T07:01:34.107725,cs,closeness,0.975,success,282.2,4.70,0.9324,0.0015,20,60,GCN,logs_v2/cs_closeness_p0.975.log,
2026-05-18T07:06:16.397602,cs,closeness,1.0,success,282.3,4.70,0.9325,0.0012,20,60,GCN,logs_v2/cs_closeness_p1.000.log,
2026-05-18T07:28:05.265684,cs,betweenness,0.7,success,1308.9,21.81,0.9290,0.0015,20,60,GCN,logs_v2/cs_betweenness_p0.700.log,
2026-05-18T07:49:50.540219,cs,betweenness,0.8,success,1305.3,21.75,0.9300,0.0018,20,60,GCN,logs_v2/cs_betweenness_p0.800.log,
2026-05-18T08:11:50.768555,cs,betweenness,0.9,success,1320.2,22.00,0.9320,0.0012,20,60,GCN,logs_v2/cs_betweenness_p0.900.log,
2026-05-18T08:33:32.779708,cs,betweenness,0.95,success,1302.0,21.70,0.9308,0.0017,20,60,GCN,logs_v2/cs_betweenness_p0.950.log,
2026-05-18T08:55:21.945482,cs,betweenness,0.975,success,1309.2,21.82,0.9309,0.0010,20,60,GCN,logs_v2/cs_betweenness_p0.975.log,
2026-05-18T09:17:19.122377,cs,betweenness,1.0,success,1317.2,21.95,0.9312,0.0015,20,60,GCN,logs_v2/cs_betweenness_p1.000.log,
2026-05-18T09:17:49.772495,cs,pagerank,0.7,success,30.6,0.51,0.9286,0.0013,20,60,GCN,logs_v2/cs_pagerank_p0.700.log,
2026-05-18T09:18:21.573621,cs,pagerank,0.8,success,31.8,0.53,0.9301,0.0010,20,60,GCN,logs_v2/cs_pagerank_p0.800.log,
2026-05-18T09:18:51.072307,cs,pagerank,0.9,success,29.5,0.49,0.9320,0.0014,20,60,GCN,logs_v2/cs_pagerank_p0.900.log,
2026-05-18T09:19:19.269298,cs,pagerank,0.95,success,28.2,0.47,0.9316,0.0014,20,60,GCN,logs_v2/cs_pagerank_p0.950.log,
2026-05-18T09:19:48.068558,cs,pagerank,0.975,success,28.8,0.48,0.9317,0.0016,20,60,GCN,logs_v2/cs_pagerank_p0.975.log,
2026-05-18T09:20:17.417670,cs,pagerank,1.0,success,29.3,0.49,0.9314,0.0011,20,60,GCN,logs_v2/cs_pagerank_p1.000.log,
2026-05-18T09:21:04.186574,cs,eigenvector,0.7,success,46.8,0.78,0.9281,0.0011,20,60,GCN,logs_v2/cs_eigenvector_p0.700.log,
2026-05-18T09:21:50.504972,cs,eigenvector,0.8,success,46.3,0.77,0.9301,0.0012,20,60,GCN,logs_v2/cs_eigenvector_p0.800.log,
2026-05-18T09:22:33.018951,cs,eigenvector,0.9,success,42.5,0.71,0.9286,0.0016,20,60,GCN,logs_v2/cs_eigenvector_p0.900.log,
2026-05-18T09:23:15.733792,cs,eigenvector,0.95,success,42.7,0.71,0.9288,0.0019,20,60,GCN,logs_v2/cs_eigenvector_p0.950.log,
2026-05-18T09:23:58.147937,cs,eigenvector,0.975,success,42.4,0.71,0.9296,0.0017,20,60,GCN,logs_v2/cs_eigenvector_p0.975.log,
2026-05-18T09:24:41.312548,cs,eigenvector,1.0,success,43.2,0.72,0.9290,0.0018,20,60,GCN,logs_v2/cs_eigenvector_p1.000.log,
2026-05-18T09:28:04.914230,physics,degree,0.7,success,203.6,3.39,0.9567,0.0015,20,60,GCN,logs_v2/physics_degree_p0.700.log,
2026-05-18T09:31:27.213828,physics,degree,0.8,success,202.3,3.37,0.9595,0.0014,20,60,GCN,logs_v2/physics_degree_p0.800.log,
2026-05-18T09:34:48.562756,physics,degree,0.9,success,201.3,3.36,0.9620,0.0006,20,60,GCN,logs_v2/physics_degree_p0.900.log,
2026-05-18T09:38:05.706091,physics,degree,0.95,success,197.1,3.29,0.9630,0.0010,20,60,GCN,logs_v2/physics_degree_p0.950.log,
2026-05-18T09:41:25.853411,physics,degree,0.975,success,200.1,3.34,0.9628,0.0010,20,60,GCN,logs_v2/physics_degree_p0.975.log,
2026-05-18T09:44:43.297943,physics,degree,1.0,success,197.4,3.29,0.9630,0.0008,20,60,GCN,logs_v2/physics_degree_p1.000.log,
2026-05-18T09:48:06.148533,physics,degree_centrality,0.7,success,202.9,3.38,0.9566,0.0014,20,60,GCN,logs_v2/physics_degree_centrality_p0.700.log,
2026-05-18T09:51:28.698828,physics,degree_centrality,0.8,success,202.6,3.38,0.9593,0.0014,20,60,GCN,logs_v2/physics_degree_centrality_p0.800.log,
2026-05-18T09:54:50.349086,physics,degree_centrality,0.9,success,201.6,3.36,0.9622,0.0008,20,60,GCN,logs_v2/physics_degree_centrality_p0.900.log,
2026-05-18T09:58:07.290994,physics,degree_centrality,0.95,success,196.9,3.28,0.9630,0.0011,20,60,GCN,logs_v2/physics_degree_centrality_p0.950.log,
2026-05-18T10:01:25.937758,physics,degree_centrality,0.975,success,198.6,3.31,0.9632,0.0010,20,60,GCN,logs_v2/physics_degree_centrality_p0.975.log,
2026-05-18T10:04:44.583783,physics,degree_centrality,1.0,success,198.6,3.31,0.9630,0.0009,20,60,GCN,logs_v2/physics_degree_centrality_p1.000.log,
2026-05-18T10:32:04.032369,physics,closeness,0.7,success,1639.4,27.32,0.9559,0.0012,20,60,GCN,logs_v2/physics_closeness_p0.700.log,
2026-05-18T10:58:27.167059,physics,closeness,0.8,success,1583.1,26.39,0.9586,0.0015,20,60,GCN,logs_v2/physics_closeness_p0.800.log,
2026-05-18T11:25:12.825411,physics,closeness,0.9,success,1605.7,26.76,0.9622,0.0011,20,60,GCN,logs_v2/physics_closeness_p0.900.log,
2026-05-18T11:52:10.304632,physics,closeness,0.95,success,1617.5,26.96,0.9627,0.0008,20,60,GCN,logs_v2/physics_closeness_p0.950.log,
2026-05-18T12:19:02.074001,physics,closeness,0.975,success,1611.8,26.86,0.9623,0.0009,20,60,GCN,logs_v2/physics_closeness_p0.975.log,
2026-05-18T12:45:22.496482,physics,closeness,1.0,success,1580.4,26.34,0.9626,0.0011,20,60,GCN,logs_v2/physics_closeness_p1.000.log,
2026-05-18T13:45:22.637301,physics,betweenness,0.7,timeout,3600.1,60.00,,,20,60,GCN,logs_v2/physics_betweenness_p0.700.log,Exceeded 1 hour timeout
2026-05-18T14:45:22.802918,physics,betweenness,0.8,timeout,3600.2,60.00,,,20,60,GCN,logs_v2/physics_betweenness_p0.800.log,Exceeded 1 hour timeout
2026-05-18T15:45:23.089688,physics,betweenness,0.9,timeout,3600.3,60.00,,,20,60,GCN,logs_v2/physics_betweenness_p0.900.log,Exceeded 1 hour timeout
2026-05-18T16:45:23.261065,physics,betweenness,0.95,timeout,3600.2,60.00,,,20,60,GCN,logs_v2/physics_betweenness_p0.950.log,Exceeded 1 hour timeout
2026-05-18T17:45:23.402929,physics,betweenness,0.975,timeout,3600.1,60.00,,,20,60,GCN,logs_v2/physics_betweenness_p0.975.log,Exceeded 1 hour timeout
2026-05-18T18:45:23.774759,physics,betweenness,1.0,timeout,3600.4,60.01,,,20,60,GCN,logs_v2/physics_betweenness_p1.000.log,Exceeded 1 hour timeout
2026-05-18T18:48:22.697960,physics,pagerank,0.7,success,178.9,2.98,0.9588,0.0016,20,60,GCN,logs_v2/physics_pagerank_p0.700.log,
2026-05-18T18:51:20.670092,physics,pagerank,0.8,success,178.0,2.97,0.9604,0.0014,20,60,GCN,logs_v2/physics_pagerank_p0.800.log,
2026-05-18T18:54:16.940465,physics,pagerank,0.9,success,176.3,2.94,0.9623,0.0009,20,60,GCN,logs_v2/physics_pagerank_p0.900.log,
2026-05-18T18:57:12.810042,physics,pagerank,0.95,success,175.9,2.93,0.9633,0.0008,20,60,GCN,logs_v2/physics_pagerank_p0.950.log,
2026-05-18T19:00:07.728046,physics,pagerank,0.975,success,174.9,2.92,0.9637,0.0009,20,60,GCN,logs_v2/physics_pagerank_p0.975.log,
2026-05-18T19:03:00.944991,physics,pagerank,1.0,success,173.2,2.89,0.9643,0.0007,20,60,GCN,logs_v2/physics_pagerank_p1.000.log,
2026-05-18T19:09:29.313139,physics,eigenvector,0.7,success,388.4,6.47,0.9564,0.0017,20,60,GCN,logs_v2/physics_eigenvector_p0.700.log,
2026-05-18T19:15:53.775447,physics,eigenvector,0.8,success,384.5,6.41,0.9590,0.0008,20,60,GCN,logs_v2/physics_eigenvector_p0.800.log,
2026-05-18T19:22:19.241796,physics,eigenvector,0.9,success,385.5,6.42,0.9622,0.0007,20,60,GCN,logs_v2/physics_eigenvector_p0.900.log,
2026-05-18T19:28:41.902134,physics,eigenvector,0.95,success,382.7,6.38,0.9622,0.0006,20,60,GCN,logs_v2/physics_eigenvector_p0.950.log,
2026-05-18T19:35:03.764118,physics,eigenvector,0.975,success,381.9,6.36,0.9623,0.0008,20,60,GCN,logs_v2/physics_eigenvector_p0.975.log,
2026-05-18T19:41:25.370975,physics,eigenvector,1.0,success,381.6,6.36,0.9625,0.0008,20,60,GCN,logs_v2/physics_eigenvector_p1.000.log,
